{
  "split": "val",
  "scope": "video",
  "tau": 0.5,
  "alpha": 0.5,
  "decompose": false,
  "rerank": false,
  "n_evaluated": 3358,
  "n_skipped_not_indexed": 0,
  "n_indexed_videos": 567,
  "ks": [
    1,
    5,
    10
  ],
  "results": {
    "visual": {
      "overall": {
        "R@1": 0.16974389517569982,
        "R@5": 0.40559857057772486,
        "R@10": 0.4940440738534842,
        "MRR": 0.26604058538245656,
        "nDCG@10": 0.6786602640812691,
        "tIoU@1": 0.22123465961130706
      },
      "by_type": {
        "CW": {
          "R@1": 0.18453188602442333,
          "R@5": 0.41112618724559025,
          "R@10": 0.49118046132971505,
          "MRR": 0.2785684671878698,
          "nDCG@10": 0.6867793179526536,
          "tIoU@1": 0.23157889950822788,
          "n": 1474
        },
        "CH": {
          "R@1": 0.18503118503118504,
          "R@5": 0.40540540540540543,
          "R@10": 0.4885654885654886,
          "MRR": 0.2746782496782498,
          "nDCG@10": 0.7122497336720459,
          "tIoU@1": 0.24358216488169962,
          "n": 481
        },
        "TN": {
          "R@1": 0.1353811149032992,
          "R@5": 0.3924914675767918,
          "R@10": 0.5017064846416383,
          "MRR": 0.23821667840439176,
          "nDCG@10": 0.641357800939762,
          "tIoU@1": 0.18872876817767703,
          "n": 879
        },
        "TC": {
          "R@1": 0.17796610169491525,
          "R@5": 0.4216101694915254,
          "R@10": 0.5021186440677966,
          "MRR": 0.2771985135862254,
          "nDCG@10": 0.690339825574934,
          "tIoU@1": 0.2282612332467292,
          "n": 472
        },
        "TP": {
          "R@1": 0.11538461538461539,
          "R@5": 0.3269230769230769,
          "R@10": 0.4230769230769231,
          "MRR": 0.2000763125763126,
          "nDCG@10": 0.6623543370964964,
          "tIoU@1": 0.2069957398252231,
          "n": 52
        }
      }
    }
  }
}