{
  "split": "val",
  "scope": "video",
  "tau": 0.3,
  "alpha": 0.5,
  "decompose": false,
  "rerank": false,
  "n_evaluated": 3358,
  "n_skipped_not_indexed": 0,
  "n_indexed_videos": 567,
  "ks": [
    1,
    5,
    10
  ],
  "results": {
    "visual": {
      "overall": {
        "R@1": 0.31089934484812387,
        "R@5": 0.6599166170339488,
        "R@10": 0.773972602739726,
        "MRR": 0.45628503833536527,
        "nDCG@10": 0.6586925058802336,
        "tIoU@1": 0.20260840368499608
      },
      "by_type": {
        "CW": {
          "R@1": 0.30257801899592945,
          "R@5": 0.6458616010854816,
          "R@10": 0.7510176390773405,
          "MRR": 0.4452421334884027,
          "nDCG@10": 0.6548327770993347,
          "tIoU@1": 0.2021340289594593,
          "n": 1474
        },
        "CH": {
          "R@1": 0.33264033264033266,
          "R@5": 0.6735966735966736,
          "R@10": 0.7713097713097713,
          "MRR": 0.4735397485397484,
          "nDCG@10": 0.7096357044489583,
          "tIoU@1": 0.2235246645544738,
          "n": 481
        },
        "TN": {
          "R@1": 0.2844141069397042,
          "R@5": 0.6530147895335608,
          "R@10": 0.8031854379977247,
          "MRR": 0.440126315979558,
          "nDCG@10": 0.6208841269417069,
          "tIoU@1": 0.17746023953876947,
          "n": 879
        },
        "TC": {
          "R@1": 0.3707627118644068,
          "R@5": 0.7139830508474576,
          "R@10": 0.7966101694915254,
          "MRR": 0.5104729956954537,
          "nDCG@10": 0.6973671673043581,
          "tIoU@1": 0.23524218770869848,
          "n": 472
        },
        "TP": {
          "R@1": 0.25,
          "R@5": 0.5576923076923077,
          "R@10": 0.75,
          "MRR": 0.3909874847374848,
          "nDCG@10": 0.5849364790777194,
          "tIoU@1": 0.15146604008055015,
          "n": 52
        }
      }
    }
  }
}