{
  "split": "val",
  "scope": "corpus",
  "tau": 0.5,
  "alpha": 0.5,
  "decompose": false,
  "rerank": true,
  "n_evaluated": 3358,
  "n_skipped_not_indexed": 0,
  "n_indexed_videos": 567,
  "ks": [
    1,
    5,
    10
  ],
  "results": {
    "visual": {
      "overall": {
        "R@1": 0.028886241810601548,
        "R@5": 0.08665872543180464,
        "R@10": 0.12120309708159618,
        "MRR": 0.05288756062281967,
        "nDCG@10": 0.13340308297874998,
        "tIoU@1": 0.04067101357851327
      },
      "by_type": {
        "CW": {
          "R@1": 0.023744911804613297,
          "R@5": 0.07598371777476255,
          "R@10": 0.10583446404341927,
          "MRR": 0.045134716030238435,
          "nDCG@10": 0.11803659384640029,
          "tIoU@1": 0.035690551162778715,
          "n": 1474
        },
        "CH": {
          "R@1": 0.04365904365904366,
          "R@5": 0.11434511434511435,
          "R@10": 0.15592515592515593,
          "MRR": 0.07188067188067189,
          "nDCG@10": 0.18773623786494262,
          "tIoU@1": 0.060494857612979826,
          "n": 481
        },
        "TN": {
          "R@1": 0.02957906712172924,
          "R@5": 0.0875995449374289,
          "R@10": 0.12400455062571103,
          "MRR": 0.054297361720569946,
          "nDCG@10": 0.1288323379058869,
          "tIoU@1": 0.03746654810237573,
          "n": 879
        },
        "TC": {
          "R@1": 0.03177966101694915,
          "R@5": 0.09533898305084745,
          "R@10": 0.1292372881355932,
          "MRR": 0.05889998654829162,
          "nDCG@10": 0.14027883970341648,
          "tIoU@1": 0.044817801593753086,
          "n": 472
        },
        "TP": {
          "R@1": 0.0,
          "R@5": 0.038461538461538464,
          "R@10": 0.11538461538461539,
          "MRR": 0.01855921855921856,
          "nDCG@10": 0.08125472193701835,
          "tIoU@1": 0.015005125704398548,
          "n": 52
        }
      }
    }
  }
}