{
  "split": "val",
  "scope": "video",
  "tau": 0.3,
  "alpha": 0.5,
  "decompose": true,
  "rerank": true,
  "n_evaluated": 3358,
  "n_skipped_not_indexed": 0,
  "n_indexed_videos": 567,
  "ks": [
    1,
    5,
    10
  ],
  "results": {
    "visual": {
      "overall": {
        "R@1": 0.32281119714115547,
        "R@5": 0.6774865991661704,
        "R@10": 0.779630732578916,
        "MRR": 0.4688012280552477,
        "nDCG@10": 0.669781096948026,
        "tIoU@1": 0.20920019101897624
      },
      "by_type": {
        "CW": {
          "R@1": 0.30800542740841247,
          "R@5": 0.658751696065129,
          "R@10": 0.7584803256445047,
          "MRR": 0.4557466994034156,
          "nDCG@10": 0.6668902280606427,
          "tIoU@1": 0.2062630666525692,
          "n": 1474
        },
        "CH": {
          "R@1": 0.36382536382536385,
          "R@5": 0.683991683991684,
          "R@10": 0.7671517671517671,
          "MRR": 0.4946168696168696,
          "nDCG@10": 0.7194882922430731,
          "tIoU@1": 0.23486493010033097,
          "n": 481
        },
        "TN": {
          "R@1": 0.2935153583617747,
          "R@5": 0.6837315130830489,
          "R@10": 0.8134243458475541,
          "MRR": 0.45141213861350327,
          "nDCG@10": 0.6313184048479761,
          "tIoU@1": 0.1832882315436391,
          "n": 879
        },
        "TC": {
          "R@1": 0.3898305084745763,
          "R@5": 0.7288135593220338,
          "R@10": 0.798728813559322,
          "MRR": 0.5231512308313155,
          "nDCG@10": 0.7044454655138541,
          "tIoU@1": 0.24324559534596363,
          "n": 472
        },
        "TP": {
          "R@1": 0.25,
          "R@5": 0.5769230769230769,
          "R@10": 0.75,
          "MRR": 0.4006639194139195,
          "nDCG@10": 0.627456177639544,
          "tIoU@1": 0.18404179398891735,
          "n": 52
        }
      }
    }
  }
}