{
  "split": "val",
  "scope": "corpus",
  "tau": 0.3,
  "alpha": 0.5,
  "decompose": true,
  "rerank": true,
  "n_evaluated": 3358,
  "n_skipped_not_indexed": 0,
  "n_indexed_videos": 567,
  "ks": [
    1,
    5,
    10
  ],
  "results": {
    "visual": {
      "overall": {
        "R@1": 0.06164383561643835,
        "R@5": 0.1512805241215009,
        "R@10": 0.20815961882072662,
        "MRR": 0.1011952031159893,
        "nDCG@10": 0.13446406035781475,
        "tIoU@1": 0.040544897662795655
      },
      "by_type": {
        "CW": {
          "R@1": 0.05359565807327001,
          "R@5": 0.13568521031207598,
          "R@10": 0.18860244233378562,
          "MRR": 0.09020858908918605,
          "nDCG@10": 0.12378701223188567,
          "tIoU@1": 0.03635347133105069,
          "n": 1474
        },
        "CH": {
          "R@1": 0.10187110187110188,
          "R@5": 0.21621621621621623,
          "R@10": 0.2702702702702703,
          "MRR": 0.15005857505857512,
          "nDCG@10": 0.18799119238582465,
          "tIoU@1": 0.061463709672445695,
          "n": 481
        },
        "TN": {
          "R@1": 0.05005688282138794,
          "R@5": 0.1353811149032992,
          "R@10": 0.19340159271899887,
          "MRR": 0.08696525633385703,
          "nDCG@10": 0.11976624148764695,
          "tIoU@1": 0.03331947813608778,
          "n": 879
        },
        "TC": {
          "R@1": 0.06991525423728813,
          "R@5": 0.1673728813559322,
          "R@10": 0.23728813559322035,
          "MRR": 0.11534083266074797,
          "nDCG@10": 0.1433753002338295,
          "tIoU@1": 0.04678914170492018,
          "n": 472
        },
        "TP": {
          "R@1": 0.038461538461538464,
          "R@5": 0.11538461538461539,
          "R@10": 0.17307692307692307,
          "MRR": 0.07277930402930402,
          "nDCG@10": 0.1095543680029206,
          "tIoU@1": 0.03131555944055944,
          "n": 52
        }
      }
    }
  }
}