{
  "split": "val",
  "scope": "corpus",
  "tau": 0.3,
  "alpha": 0.5,
  "decompose": false,
  "rerank": false,
  "n_evaluated": 3358,
  "n_skipped_not_indexed": 0,
  "n_indexed_videos": 567,
  "ks": [
    1,
    5,
    10
  ],
  "results": {
    "visual": {
      "overall": {
        "R@1": 0.05390113162596784,
        "R@5": 0.1295413936867183,
        "R@10": 0.18642048838594402,
        "MRR": 0.08890271514601461,
        "nDCG@10": 0.11606642658084457,
        "tIoU@1": 0.03469307315251654
      },
      "by_type": {
        "CW": {
          "R@1": 0.04748982360922659,
          "R@5": 0.11261872455902307,
          "R@10": 0.1614654002713704,
          "MRR": 0.0787515345351166,
          "nDCG@10": 0.10241650513884933,
          "tIoU@1": 0.030549861044329343,
          "n": 1474
        },
        "CH": {
          "R@1": 0.07484407484407485,
          "R@5": 0.19750519750519752,
          "R@10": 0.2702702702702703,
          "MRR": 0.12899877899877912,
          "nDCG@10": 0.1731707663514652,
          "tIoU@1": 0.049776490791881664,
          "n": 481
        },
        "TN": {
          "R@1": 0.048919226393629126,
          "R@5": 0.1217292377701934,
          "R@10": 0.1695108077360637,
          "MRR": 0.08029416544774914,
          "nDCG@10": 0.10591117431619616,
          "tIoU@1": 0.031020525407649914,
          "n": 879
        },
        "TC": {
          "R@1": 0.0635593220338983,
          "R@5": 0.13559322033898305,
          "R@10": 0.21398305084745764,
          "MRR": 0.09890452649986553,
          "nDCG@10": 0.12443467249084031,
          "tIoU@1": 0.041269161071951235,
          "n": 472
        },
        "TP": {
          "R@1": 0.038461538461538464,
          "R@5": 0.057692307692307696,
          "R@10": 0.15384615384615385,
          "MRR": 0.06049297924297924,
          "nDCG@10": 0.0704789544066176,
          "tIoU@1": 0.015005125704398548,
          "n": 52
        }
      }
    }
  }
}