{
  "split": "val",
  "scope": "corpus",
  "tau": 0.5,
  "alpha": 0.5,
  "decompose": true,
  "rerank": false,
  "n_evaluated": 3358,
  "n_skipped_not_indexed": 0,
  "n_indexed_videos": 567,
  "ks": [
    1,
    5,
    10
  ],
  "results": {
    "visual": {
      "overall": {
        "R@1": 0.04794520547945205,
        "R@5": 0.1098868374032162,
        "R@10": 0.16140559857057774,
        "MRR": 0.07621458351059301,
        "nDCG@10": 0.16739998516139248,
        "tIoU@1": 0.05548140892181992
      },
      "by_type": {
        "CW": {
          "R@1": 0.054274084124830396,
          "R@5": 0.11533242876526459,
          "R@10": 0.15739484396200815,
          "MRR": 0.08040587107751287,
          "nDCG@10": 0.16113989705393597,
          "tIoU@1": 0.05785129237821432,
          "n": 1474
        },
        "CH": {
          "R@1": 0.079002079002079,
          "R@5": 0.15592515592515593,
          "R@10": 0.21205821205821207,
          "MRR": 0.11402748902748908,
          "nDCG@10": 0.24303714924312733,
          "tIoU@1": 0.09222763013342784,
          "n": 481
        },
        "TN": {
          "R@1": 0.027303754266211604,
          "R@5": 0.080773606370876,
          "R@10": 0.13993174061433447,
          "MRR": 0.05380076566083396,
          "nDCG@10": 0.15209354561523958,
          "tIoU@1": 0.03948593019147932,
          "n": 879
        },
        "TC": {
          "R@1": 0.038135593220338986,
          "R@5": 0.11016949152542373,
          "R@10": 0.1716101694915254,
          "MRR": 0.07175729755178907,
          "nDCG@10": 0.14695852334899057,
          "tIoU@1": 0.04349724878593303,
          "n": 472
        },
        "TP": {
          "R@1": 0.019230769230769232,
          "R@5": 0.019230769230769232,
          "R@10": 0.07692307692307693,
          "MRR": 0.026976495726495728,
          "nDCG@10": 0.08948891369212565,
          "tIoU@1": 0.02756619297180636,
          "n": 52
        }
      }
    }
  }
}