{
  "split": "val",
  "scope": "corpus",
  "tau": 0.5,
  "alpha": 0.5,
  "n_evaluated": 3358,
  "n_skipped_not_indexed": 0,
  "n_indexed_videos": 567,
  "ks": [
    1,
    5,
    10
  ],
  "results": {
    "visual": {
      "overall": {
        "R@1": 0.025908278737343658,
        "R@5": 0.07474687313877308,
        "R@10": 0.11137581893984515,
        "MRR": 0.047403027123098594,
        "nDCG@10": 0.11683561067498378,
        "tIoU@1": 0.03506206789085404
      },
      "by_type": {
        "CW": {
          "R@1": 0.022388059701492536,
          "R@5": 0.06309362279511534,
          "R@10": 0.09701492537313433,
          "MRR": 0.04138964269561287,
          "nDCG@10": 0.10314625341428611,
          "tIoU@1": 0.03049298700407877,
          "n": 1474
        },
        "CH": {
          "R@1": 0.037422037422037424,
          "R@5": 0.11642411642411643,
          "R@10": 0.15592515592515593,
          "MRR": 0.07043114543114544,
          "nDCG@10": 0.1745447013496809,
          "tIoU@1": 0.05090261691800779,
          "n": 481
        },
        "TN": {
          "R@1": 0.02502844141069397,
          "R@5": 0.07281001137656427,
          "R@10": 0.10693970420932879,
          "MRR": 0.04454060349964786,
          "nDCG@10": 0.10687409638216197,
          "tIoU@1": 0.03190931949183649,
          "n": 879
        },
        "TC": {
          "R@1": 0.029661016949152543,
          "R@5": 0.07838983050847458,
          "R@10": 0.12076271186440678,
          "MRR": 0.051814299165994074,
          "nDCG@10": 0.12443467249084031,
          "tIoU@1": 0.041269161071951235,
          "n": 472
        },
        "TP": {
          "R@1": 0.0,
          "R@5": 0.019230769230769232,
          "R@10": 0.09615384615384616,
          "MRR": 0.013194444444444444,
          "nDCG@10": 0.0704789544066176,
          "tIoU@1": 0.015005125704398548,
          "n": 52
        }
      }
    },
    "text": {
      "overall": {
        "R@1": 0.002084574151280524,
        "R@5": 0.005360333531864205,
        "R@10": 0.011018463371054199,
        "MRR": 0.0038804513268479914,
        "nDCG@10": 0.011258788052988404,
        "tIoU@1": 0.003164979850440444
      },
      "by_type": {
        "CW": {
          "R@1": 0.0020352781546811396,
          "R@5": 0.005427408412483039,
          "R@10": 0.0067842605156037995,
          "MRR": 0.0032639831147293825,
          "nDCG@10": 0.010076653786934633,
          "tIoU@1": 0.003966422781112297,
          "n": 1474
        },
        "CH": {
          "R@1": 0.0,
          "R@5": 0.006237006237006237,
          "R@10": 0.018711018711018712,
          "MRR": 0.003586278586278586,
          "nDCG@10": 0.015632681610199515,
          "tIoU@1": 0.0022763575672902214,
          "n": 481
        },
        "TN": {
          "R@1": 0.0034129692832764505,
          "R@5": 0.004550625711035267,
          "R@10": 0.013651877133105802,
          "MRR": 0.005062571103526736,
          "nDCG@10": 0.012283541950995612,
          "tIoU@1": 0.0032249321009113095,
          "n": 879
        },
        "TC": {
          "R@1": 0.00211864406779661,
          "R@5": 0.00423728813559322,
          "R@10": 0.00847457627118644,
          "MRR": 0.0032721280602636535,
          "nDCG@10": 0.007285157730466681,
          "tIoU@1": 0.001804770872567482,
          "n": 472
        },
        "TP": {
          "R@1": 0.0,
          "R@5": 0.019230769230769232,
          "R@10": 0.038461538461538464,
          "MRR": 0.009615384615384616,
          "nDCG@10": 0.023055286957346932,
          "tIoU@1": 0.0,
          "n": 52
        }
      }
    },
    "fused": {
      "overall": {
        "R@1": 0.002084574151280524,
        "R@5": 0.009529481834425254,
        "R@10": 0.012507444907683145,
        "MRR": 0.005200208930107679,
        "nDCG@10": 0.01772812207208638,
        "tIoU@1": 0.006513481930099464
      },
      "by_type": {
        "CW": {
          "R@1": 0.0013568521031207597,
          "R@5": 0.0067842605156037995,
          "R@10": 0.008141112618724558,
          "MRR": 0.003471279963817277,
          "nDCG@10": 0.014258805163995976,
          "tIoU@1": 0.005497966564715429,
          "n": 1474
        },
        "CH": {
          "R@1": 0.004158004158004158,
          "R@5": 0.018711018711018712,
          "R@10": 0.02079002079002079,
          "MRR": 0.009182259182259182,
          "nDCG@10": 0.027204415809916106,
          "tIoU@1": 0.011520828311722185,
          "n": 481
        },
        "TN": {
          "R@1": 0.0034129692832764505,
          "R@5": 0.007963594994311717,
          "R@10": 0.015927189988623434,
          "MRR": 0.006327988153926721,
          "nDCG@10": 0.0181228934788679,
          "tIoU@1": 0.004940572056491875,
          "n": 879
        },
        "TC": {
          "R@1": 0.0,
          "R@5": 0.00847457627118644,
          "R@10": 0.00847457627118644,
          "MRR": 0.0038841807909604517,
          "nDCG@10": 0.015472708949756579,
          "tIoU@1": 0.006834014864312288,
          "n": 472
        },
        "TP": {
          "R@1": 0.0,
          "R@5": 0.038461538461538464,
          "R@10": 0.038461538461538464,
          "MRR": 0.010256410256410256,
          "nDCG@10": 0.04221325210685272,
          "tIoU@1": 0.01266025641025641,
          "n": 52
        }
      }
    }
  }
}