{
  "split": "val",
  "scope": "video",
  "tau": 0.5,
  "alpha": 0.5,
  "decompose": true,
  "n_evaluated": 3358,
  "n_skipped_not_indexed": 0,
  "n_indexed_videos": 567,
  "ks": [
    1,
    5,
    10
  ],
  "results": {
    "visual": {
      "overall": {
        "R@1": 0.14592019058963668,
        "R@5": 0.40530077427039907,
        "R@10": 0.4937462775461584,
        "MRR": 0.25144218497405,
        "nDCG@10": 0.6620733032818954,
        "tIoU@1": 0.20295164437098714
      },
      "by_type": {
        "CW": {
          "R@1": 0.14789687924016282,
          "R@5": 0.40705563093622793,
          "R@10": 0.49050203527815467,
          "MRR": 0.2535140854170702,
          "nDCG@10": 0.659560055637598,
          "tIoU@1": 0.20230399652319728,
          "n": 1474
        },
        "CH": {
          "R@1": 0.158004158004158,
          "R@5": 0.41164241164241167,
          "R@10": 0.49480249480249483,
          "MRR": 0.25994455994455995,
          "nDCG@10": 0.709785107271564,
          "tIoU@1": 0.22824216631864083,
          "n": 481
        },
        "TN": {
          "R@1": 0.12400455062571103,
          "R@5": 0.3924914675767918,
          "R@10": 0.5005688282138794,
          "MRR": 0.23199387832493634,
          "nDCG@10": 0.6244884834285487,
          "tIoU@1": 0.1775674545499065,
          "n": 879
        },
        "TC": {
          "R@1": 0.17584745762711865,
          "R@5": 0.4279661016949153,
          "R@10": 0.4957627118644068,
          "MRR": 0.2807539682539681,
          "nDCG@10": 0.699326092488745,
          "tIoU@1": 0.23469861829788988,
          "n": 472
        },
        "TP": {
          "R@1": 0.07692307692307693,
          "R@5": 0.3076923076923077,
          "R@10": 0.4423076923076923,
          "MRR": 0.17675518925518924,
          "nDCG@10": 0.5891673312457614,
          "tIoU@1": 0.1282982411027906,
          "n": 52
        }
      }
    }
  }
}