{
  "split": "val",
  "scope": "corpus",
  "tau": 0.5,
  "alpha": 0.9,
  "n_evaluated": 3358,
  "n_skipped_not_indexed": 0,
  "n_indexed_videos": 567,
  "ks": [
    1,
    5,
    10
  ],
  "results": {
    "fused": {
      "overall": {
        "R@1": 0.019058963668850508,
        "R@5": 0.07266229898749256,
        "R@10": 0.11018463371054199,
        "MRR": 0.042056756194635884,
        "nDCG@10": 0.11205216167558332,
        "tIoU@1": 0.029255404703111915
      },
      "by_type": {
        "CW": {
          "R@1": 0.018317503392130258,
          "R@5": 0.06309362279511534,
          "R@10": 0.09837177747625508,
          "MRR": 0.03818246430186733,
          "nDCG@10": 0.0993118100606453,
          "tIoU@1": 0.02632661299592689,
          "n": 1474
        },
        "CH": {
          "R@1": 0.02702702702702703,
          "R@5": 0.10810810810810811,
          "R@10": 0.15176715176715178,
          "MRR": 0.06186928686928687,
          "nDCG@10": 0.1652268720360519,
          "tIoU@1": 0.040693989638735044,
          "n": 481
        },
        "TN": {
          "R@1": 0.017064846416382253,
          "R@5": 0.07053469852104664,
          "R@10": 0.10693970420932879,
          "MRR": 0.03808575762500677,
          "nDCG@10": 0.10362759891026391,
          "tIoU@1": 0.02577049440047123,
          "n": 879
        },
        "TC": {
          "R@1": 0.019067796610169493,
          "R@5": 0.07415254237288135,
          "R@10": 0.11440677966101695,
          "MRR": 0.04461679445789614,
          "nDCG@10": 0.11697289887940321,
          "tIoU@1": 0.033568957569588366,
          "n": 472
        },
        "TP": {
          "R@1": 0.0,
          "R@5": 0.038461538461538464,
          "R@10": 0.07692307692307693,
          "MRR": 0.0125,
          "nDCG@10": 0.07906841758992515,
          "tIoU@1": 0.026223074422347264,
          "n": 52
        }
      }
    }
  }
}