{
  "split": "val",
  "scope": "corpus",
  "tau": 0.5,
  "alpha": 0.5,
  "decompose": true,
  "n_evaluated": 3358,
  "n_skipped_not_indexed": 0,
  "n_indexed_videos": 567,
  "ks": [
    1,
    5,
    10
  ],
  "results": {
    "visual": {
      "overall": {
        "R@1": 0.0247170935080405,
        "R@5": 0.08040500297796307,
        "R@10": 0.12209648600357356,
        "MRR": 0.04958603949818954,
        "nDCG@10": 0.12293637221058189,
        "tIoU@1": 0.03515018288294308
      },
      "by_type": {
        "CW": {
          "R@1": 0.021709633649932156,
          "R@5": 0.07598371777476255,
          "R@10": 0.11058344640434192,
          "MRR": 0.04491207382998431,
          "nDCG@10": 0.11285290245473464,
          "tIoU@1": 0.03234883586716673,
          "n": 1474
        },
        "CH": {
          "R@1": 0.04158004158004158,
          "R@5": 0.11642411642411643,
          "R@10": 0.16632016632016633,
          "MRR": 0.07275517275517276,
          "nDCG@10": 0.17780704901927769,
          "tIoU@1": 0.05837649161736593,
          "n": 481
        },
        "TN": {
          "R@1": 0.019340159271899887,
          "R@5": 0.06257110352673492,
          "R@10": 0.1080773606370876,
          "MRR": 0.04227522256532496,
          "nDCG@10": 0.10826352868147501,
          "tIoU@1": 0.026810972115509195,
          "n": 879
        },
        "TC": {
          "R@1": 0.029661016949152543,
          "R@5": 0.09533898305084745,
          "R@10": 0.13983050847457626,
          "MRR": 0.05748419424266882,
          "nDCG@10": 0.12984685332703325,
          "tIoU@1": 0.037600960786595417,
          "n": 472
        },
        "TP": {
          "R@1": 0.0,
          "R@5": 0.038461538461538464,
          "R@10": 0.11538461538461539,
          "MRR": 0.0196504884004884,
          "nDCG@10": 0.08651178086935213,
          "tIoU@1": 0.01843345392231531,
          "n": 52
        }
      }
    }
  }
}