{
  "split": "val",
  "scope": "corpus",
  "tau": 0.5,
  "alpha": 0.8,
  "n_evaluated": 3358,
  "n_skipped_not_indexed": 0,
  "n_indexed_videos": 567,
  "ks": [
    1,
    5,
    10
  ],
  "results": {
    "fused": {
      "overall": {
        "R@1": 0.019058963668850508,
        "R@5": 0.07325789160214413,
        "R@10": 0.11078022632519356,
        "MRR": 0.04245429063028826,
        "nDCG@10": 0.11235042111211221,
        "tIoU@1": 0.028544161393391863
      },
      "by_type": {
        "CW": {
          "R@1": 0.018995929443690638,
          "R@5": 0.06445047489823609,
          "R@10": 0.09905020352781546,
          "MRR": 0.03893465572570055,
          "nDCG@10": 0.10019461872854193,
          "tIoU@1": 0.0266222059805911,
          "n": 1474
        },
        "CH": {
          "R@1": 0.02702702702702703,
          "R@5": 0.10810810810810811,
          "R@10": 0.15176715176715178,
          "MRR": 0.06238903738903739,
          "nDCG@10": 0.16496589868531267,
          "tIoU@1": 0.03938891516292887,
          "n": 481
        },
        "TN": {
          "R@1": 0.015927189988623434,
          "R@5": 0.06825938566552901,
          "R@10": 0.10580204778156997,
          "MRR": 0.036977896960832105,
          "nDCG@10": 0.10277790180277223,
          "tIoU@1": 0.02431997370636029,
          "n": 879
        },
        "TC": {
          "R@1": 0.019067796610169493,
          "R@5": 0.07838983050847458,
          "R@10": 0.11864406779661017,
          "MRR": 0.046629506322302915,
          "nDCG@10": 0.11818626148655391,
          "tIoU@1": 0.03161702837372252,
          "n": 472
        },
        "TP": {
          "R@1": 0.0,
          "R@5": 0.038461538461538464,
          "R@10": 0.07692307692307693,
          "MRR": 0.0125,
          "nDCG@10": 0.07906841758992515,
          "tIoU@1": 0.026223074422347264,
          "n": 52
        }
      }
    }
  }
}