{
  "split": "val",
  "scope": "video",
  "tau": 0.5,
  "alpha": 0.5,
  "decompose": false,
  "rerank": false,
  "n_evaluated": 3358,
  "n_skipped_not_indexed": 0,
  "n_indexed_videos": 567,
  "ks": [
    1,
    5,
    10
  ],
  "results": {
    "visual": {
      "overall": {
        "R@1": 0.1506849315068493,
        "R@5": 0.40738534842167956,
        "R@10": 0.49612864800476475,
        "MRR": 0.2566901358518403,
        "nDCG@10": 0.6666329744441354,
        "tIoU@1": 0.2104605560597328
      },
      "by_type": {
        "CW": {
          "R@1": 0.14721845318860244,
          "R@5": 0.41044776119402987,
          "R@10": 0.48846675712347354,
          "MRR": 0.2556600116301604,
          "nDCG@10": 0.6649847854975063,
          "tIoU@1": 0.2106683782007733,
          "n": 1474
        },
        "CH": {
          "R@1": 0.16424116424116425,
          "R@5": 0.41164241164241167,
          "R@10": 0.501039501039501,
          "MRR": 0.26207966207966205,
          "nDCG@10": 0.7127435167227848,
          "tIoU@1": 0.22819251271860097,
          "n": 481
        },
        "TN": {
          "R@1": 0.1342434584755404,
          "R@5": 0.38794084186575656,
          "R@10": 0.5073947667804323,
          "MRR": 0.2404928941618359,
          "nDCG@10": 0.6291644737612048,
          "tIoU@1": 0.18591971812132835,
          "n": 879
        },
        "TC": {
          "R@1": 0.1843220338983051,
          "R@5": 0.4406779661016949,
          "R@10": 0.5,
          "MRR": 0.2907805353779929,
          "nDCG@10": 0.7008102913337355,
          "tIoU@1": 0.24283632282073606,
          "n": 472
        },
        "TP": {
          "R@1": 0.09615384615384616,
          "R@5": 0.3076923076923077,
          "R@10": 0.4423076923076923,
          "MRR": 0.2003968253968254,
          "nDCG@10": 0.6099671705922496,
          "tIoU@1": 0.16151120313389308,
          "n": 52
        }
      }
    }
  }
}