{
  "split": "val",
  "scope": "video",
  "tau": 0.5,
  "alpha": 0.5,
  "decompose": true,
  "rerank": false,
  "n_evaluated": 3358,
  "n_skipped_not_indexed": 0,
  "n_indexed_videos": 567,
  "ks": [
    1,
    5,
    10
  ],
  "results": {
    "visual": {
      "overall": {
        "R@1": 0.1756998213222156,
        "R@5": 0.41899940440738537,
        "R@10": 0.49553305539011316,
        "MRR": 0.2752019578925485,
        "nDCG@10": 0.6862800507345695,
        "tIoU@1": 0.22996396683188142
      },
      "by_type": {
        "CW": {
          "R@1": 0.1926729986431479,
          "R@5": 0.42672998643147897,
          "R@10": 0.494572591587517,
          "MRR": 0.2892289095647299,
          "nDCG@10": 0.6948354180878606,
          "tIoU@1": 0.24286933233484054,
          "n": 1474
        },
        "CH": {
          "R@1": 0.1891891891891892,
          "R@5": 0.4095634095634096,
          "R@10": 0.4864864864864865,
          "MRR": 0.280011055011055,
          "nDCG@10": 0.7184171550510177,
          "tIoU@1": 0.24668955765918196,
          "n": 481
        },
        "TN": {
          "R@1": 0.1296928327645051,
          "R@5": 0.4118316268486917,
          "R@10": 0.5017064846416383,
          "MRR": 0.2432697690376871,
          "nDCG@10": 0.646631835966891,
          "tIoU@1": 0.19484691579284236,
          "n": 879
        },
        "TC": {
          "R@1": 0.19915254237288135,
          "R@5": 0.423728813559322,
          "R@10": 0.5042372881355932,
          "MRR": 0.2934540624159268,
          "nDCG@10": 0.7041209745500739,
          "tIoU@1": 0.24195846508481078,
          "n": 472
        },
        "TP": {
          "R@1": 0.1346153846153846,
          "R@5": 0.36538461538461536,
          "R@10": 0.4230769230769231,
          "MRR": 0.2072115384615385,
          "nDCG@10": 0.6547667062135484,
          "tIoU@1": 0.19417486584418966,
          "n": 52
        }
      }
    }
  }
}