{
  "split": "val",
  "scope": "video",
  "tau": 0.5,
  "alpha": 0.5,
  "decompose": false,
  "rerank": true,
  "n_evaluated": 3358,
  "n_skipped_not_indexed": 0,
  "n_indexed_videos": 567,
  "ks": [
    1,
    5,
    10
  ],
  "results": {
    "visual": {
      "overall": {
        "R@1": 0.15217391304347827,
        "R@5": 0.401131625967838,
        "R@10": 0.49791542584871945,
        "MRR": 0.25511216994242697,
        "nDCG@10": 0.6673454903388758,
        "tIoU@1": 0.20786276546272736
      },
      "by_type": {
        "CW": {
          "R@1": 0.14654002713704206,
          "R@5": 0.4016282225237449,
          "R@10": 0.4918588873812754,
          "MRR": 0.2518594796579868,
          "nDCG@10": 0.662165546686986,
          "tIoU@1": 0.2043738130982474,
          "n": 1474
        },
        "CH": {
          "R@1": 0.16424116424116425,
          "R@5": 0.3991683991683992,
          "R@10": 0.49480249480249483,
          "MRR": 0.2627701877701878,
          "nDCG@10": 0.7150109834737629,
          "tIoU@1": 0.23148272052603397,
          "n": 481
        },
        "TN": {
          "R@1": 0.1410693970420933,
          "R@5": 0.391353811149033,
          "R@10": 0.5096700796359499,
          "MRR": 0.24212895245318442,
          "nDCG@10": 0.6348347950411413,
          "tIoU@1": 0.18601664850853541,
          "n": 879
        },
        "TC": {
          "R@1": 0.1864406779661017,
          "R@5": 0.4279661016949153,
          "R@10": 0.5042372881355932,
          "MRR": 0.28919323379069134,
          "nDCG@10": 0.7041580146956506,
          "tIoU@1": 0.24192987369761432,
          "n": 472
        },
        "TP": {
          "R@1": 0.07692307692307693,
          "R@5": 0.3269230769230769,
          "R@10": 0.4423076923076923,
          "MRR": 0.18659188034188035,
          "nDCG@10": 0.5886824983256282,
          "tIoU@1": 0.14833544076392724,
          "n": 52
        }
      }
    }
  }
}