{
  "split": "val",
  "scope": "video",
  "tau": 0.5,
  "alpha": 0.5,
  "decompose": true,
  "rerank": true,
  "n_evaluated": 3358,
  "n_skipped_not_indexed": 0,
  "n_indexed_videos": 567,
  "ks": [
    1,
    5,
    10
  ],
  "results": {
    "visual": {
      "overall": {
        "R@1": 0.1536628945801072,
        "R@5": 0.4100655151876117,
        "R@10": 0.5014889815366289,
        "MRR": 0.25848991274095623,
        "nDCG@10": 0.669781096948026,
        "tIoU@1": 0.20920019101897624
      },
      "by_type": {
        "CW": {
          "R@1": 0.1519674355495251,
          "R@5": 0.41044776119402987,
          "R@10": 0.49592944369063774,
          "MRR": 0.25903975792035466,
          "nDCG@10": 0.6668902280606427,
          "tIoU@1": 0.2062630666525692,
          "n": 1474
        },
        "CH": {
          "R@1": 0.158004158004158,
          "R@5": 0.41372141372141374,
          "R@10": 0.4968814968814969,
          "MRR": 0.26431953931953933,
          "nDCG@10": 0.7194882922430731,
          "tIoU@1": 0.23486493010033097,
          "n": 481
        },
        "TN": {
          "R@1": 0.13310580204778158,
          "R@5": 0.39590443686006827,
          "R@10": 0.5130830489192264,
          "MRR": 0.23843337486682178,
          "nDCG@10": 0.6313184048479761,
          "tIoU@1": 0.1832882315436391,
          "n": 879
        },
        "TC": {
          "R@1": 0.19491525423728814,
          "R@5": 0.4385593220338983,
          "R@10": 0.5084745762711864,
          "MRR": 0.29327919020715626,
          "nDCG@10": 0.7044454655138541,
          "tIoU@1": 0.24324559534596363,
          "n": 472
        },
        "TP": {
          "R@1": 0.1346153846153846,
          "R@5": 0.34615384615384615,
          "R@10": 0.4423076923076923,
          "MRR": 0.21223290598290598,
          "nDCG@10": 0.627456177639544,
          "tIoU@1": 0.18404179398891735,
          "n": 52
        }
      }
    }
  }
}