{
  "split": "val",
  "scope": "corpus",
  "tau": 0.5,
  "alpha": 0.5,
  "decompose": false,
  "rerank": false,
  "n_evaluated": 3358,
  "n_skipped_not_indexed": 0,
  "n_indexed_videos": 567,
  "ks": [
    1,
    5,
    10
  ],
  "results": {
    "visual": {
      "overall": {
        "R@1": 0.04377605717689101,
        "R@5": 0.10571768910065515,
        "R@10": 0.1432400238237046,
        "MRR": 0.06980333626402713,
        "nDCG@10": 0.15927607222187068,
        "tIoU@1": 0.05354597570150611
      },
      "by_type": {
        "CW": {
          "R@1": 0.04613297150610583,
          "R@5": 0.10719131614654002,
          "R@10": 0.1390773405698779,
          "MRR": 0.07148699144967802,
          "nDCG@10": 0.15471172942553899,
          "tIoU@1": 0.056704454537530494,
          "n": 1474
        },
        "CH": {
          "R@1": 0.06444906444906445,
          "R@5": 0.13305613305613306,
          "R@10": 0.18295218295218296,
          "MRR": 0.09480001980001986,
          "nDCG@10": 0.21371157399938998,
          "tIoU@1": 0.07680962059664903,
          "n": 481
        },
        "TN": {
          "R@1": 0.034129692832764506,
          "R@5": 0.08873720136518772,
          "R@10": 0.12627986348122866,
          "MRR": 0.056404734817704125,
          "nDCG@10": 0.1459112318377869,
          "tIoU@1": 0.04296556455693541,
          "n": 879
        },
        "TC": {
          "R@1": 0.038135593220338986,
          "R@5": 0.11440677966101695,
          "R@10": 0.15677966101694915,
          "MRR": 0.07072319747107882,
          "nDCG@10": 0.1528373579548337,
          "tIoU@1": 0.04473902978992091,
          "n": 472
        },
        "TP": {
          "R@1": 0.0,
          "R@5": 0.019230769230769232,
          "R@10": 0.057692307692307696,
          "MRR": 0.008997252747252747,
          "nDCG@10": 0.06949016373065874,
          "tIoU@1": 0.007616146230007615,
          "n": 52
        }
      }
    }
  }
}