{
  "split": "val",
  "scope": "corpus",
  "tau": 0.5,
  "alpha": 0.5,
  "decompose": true,
  "rerank": true,
  "n_evaluated": 3358,
  "n_skipped_not_indexed": 0,
  "n_indexed_videos": 567,
  "ks": [
    1,
    5,
    10
  ],
  "results": {
    "visual": {
      "overall": {
        "R@1": 0.030077427039904705,
        "R@5": 0.08725431804645623,
        "R@10": 0.12775461584276354,
        "MRR": 0.055169483914272455,
        "nDCG@10": 0.13464379868570012,
        "tIoU@1": 0.04018614349557003
      },
      "by_type": {
        "CW": {
          "R@1": 0.027815468113975575,
          "R@5": 0.07666214382632293,
          "R@10": 0.12143826322930801,
          "MRR": 0.050956526889362766,
          "nDCG@10": 0.12461391025289924,
          "tIoU@1": 0.03608482680144794,
          "n": 1474
        },
        "CH": {
          "R@1": 0.037422037422037424,
          "R@5": 0.1288981288981289,
          "R@10": 0.1704781704781705,
          "MRR": 0.07291687291687293,
          "nDCG@10": 0.18803800459456244,
          "tIoU@1": 0.060809781604533174,
          "n": 481
        },
        "TN": {
          "R@1": 0.030716723549488054,
          "R@5": 0.07849829351535836,
          "R@10": 0.10693970420932879,
          "MRR": 0.05068936562110625,
          "nDCG@10": 0.11932891036138424,
          "tIoU@1": 0.03411245532544342,
          "n": 879
        },
        "TC": {
          "R@1": 0.029661016949152543,
          "R@5": 0.09745762711864407,
          "R@10": 0.1440677966101695,
          "MRR": 0.060839554748453054,
          "nDCG@10": 0.14283845915257387,
          "tIoU@1": 0.04426540864202424,
          "n": 472
        },
        "TP": {
          "R@1": 0.019230769230769232,
          "R@5": 0.057692307692307696,
          "R@10": 0.11538461538461539,
          "MRR": 0.03469169719169719,
          "nDCG@10": 0.1095543680029206,
          "tIoU@1": 0.03131555944055944,
          "n": 52
        }
      }
    }
  }
}