{
  "split": "val",
  "scope": "video",
  "tau": 0.5,
  "alpha": 0.5,
  "n_evaluated": 3358,
  "n_skipped_not_indexed": 0,
  "n_indexed_videos": 567,
  "ks": [
    1,
    5,
    10
  ],
  "results": {
    "visual": {
      "overall": {
        "R@1": 0.148302561048243,
        "R@5": 0.39428231089934485,
        "R@10": 0.4913639070875521,
        "MRR": 0.2495336887981327,
        "nDCG@10": 0.6586925058802336,
        "tIoU@1": 0.20260840368499608
      },
      "by_type": {
        "CW": {
          "R@1": 0.1485753052917232,
          "R@5": 0.3941655359565807,
          "R@10": 0.49050203527815467,
          "MRR": 0.2496629407077165,
          "nDCG@10": 0.6548327770993347,
          "tIoU@1": 0.2021340289594593,
          "n": 1474
        },
        "CH": {
          "R@1": 0.15592515592515593,
          "R@5": 0.40332640332640335,
          "R@10": 0.49064449064449067,
          "MRR": 0.25833745833745836,
          "nDCG@10": 0.7096357044489583,
          "tIoU@1": 0.2235246645544738,
          "n": 481
        },
        "TN": {
          "R@1": 0.1285551763367463,
          "R@5": 0.378839590443686,
          "R@10": 0.4948805460750853,
          "MRR": 0.23048693500911915,
          "nDCG@10": 0.6208841269417069,
          "tIoU@1": 0.17746023953876947,
          "n": 879
        },
        "TC": {
          "R@1": 0.18220338983050846,
          "R@5": 0.423728813559322,
          "R@10": 0.4936440677966102,
          "MRR": 0.28252623083131545,
          "nDCG@10": 0.6973671673043581,
          "tIoU@1": 0.23524218770869848,
          "n": 472
        },
        "TP": {
          "R@1": 0.09615384615384616,
          "R@5": 0.3076923076923077,
          "R@10": 0.4423076923076923,
          "MRR": 0.18692765567765568,
          "nDCG@10": 0.5849364790777194,
          "tIoU@1": 0.15146604008055015,
          "n": 52
        }
      }
    },
    "text": {
      "overall": {
        "R@1": 0.08010720667063728,
        "R@5": 0.23198332340678976,
        "R@10": 0.30464562239428233,
        "MRR": 0.1431482032956123,
        "nDCG@10": 0.39025820671386263,
        "tIoU@1": 0.11659787105861212
      },
      "by_type": {
        "CW": {
          "R@1": 0.07937584803256445,
          "R@5": 0.223202170963365,
          "R@10": 0.29782903663500676,
          "MRR": 0.139526663220693,
          "nDCG@10": 0.39011726797465995,
          "tIoU@1": 0.11402542609876914,
          "n": 1474
        },
        "CH": {
          "R@1": 0.09147609147609148,
          "R@5": 0.25363825363825365,
          "R@10": 0.30561330561330563,
          "MRR": 0.15752483252483257,
          "nDCG@10": 0.41157280790966144,
          "tIoU@1": 0.13620228779849944,
          "n": 481
        },
        "TN": {
          "R@1": 0.06939704209328783,
          "R@5": 0.22525597269624573,
          "R@10": 0.31285551763367464,
          "MRR": 0.1348696209617711,
          "nDCG@10": 0.3729501570891315,
          "tIoU@1": 0.10134808427181047,
          "n": 879
        },
        "TC": {
          "R@1": 0.09322033898305085,
          "R@5": 0.25,
          "R@10": 0.3093220338983051,
          "MRR": 0.15728830373957495,
          "nDCG@10": 0.3946949169401948,
          "tIoU@1": 0.13398861853797164,
          "n": 472
        },
        "TP": {
          "R@1": 0.057692307692307696,
          "R@5": 0.23076923076923078,
          "R@10": 0.3076923076923077,
          "MRR": 0.12441239316239315,
          "nDCG@10": 0.4493941474776436,
          "tIoU@1": 0.10810150940983068,
          "n": 52
        }
      }
    },
    "fused": {
      "overall": {
        "R@1": 0.12864800476474092,
        "R@5": 0.384157236450268,
        "R@10": 0.49106611078022633,
        "MRR": 0.2345534709814051,
        "nDCG@10": 0.6390599002214401,
        "tIoU@1": 0.18596183219755347
      },
      "by_type": {
        "CW": {
          "R@1": 0.1350067842605156,
          "R@5": 0.3894165535956581,
          "R@10": 0.48778833107191316,
          "MRR": 0.23979507225775853,
          "nDCG@10": 0.6390790528704742,
          "tIoU@1": 0.19018253969246515,
          "n": 1474
        },
        "CH": {
          "R@1": 0.14553014553014554,
          "R@5": 0.4074844074844075,
          "R@10": 0.48440748440748443,
          "MRR": 0.25267135267135266,
          "nDCG@10": 0.6988358252854848,
          "tIoU@1": 0.2187993811720852,
          "n": 481
        },
        "TN": {
          "R@1": 0.11035267349260523,
          "R@5": 0.36291240045506257,
          "R@10": 0.5051194539249146,
          "MRR": 0.21540079816530303,
          "nDCG@10": 0.5995393376063711,
          "tIoU@1": 0.15733245183924044,
          "n": 879
        },
        "TC": {
          "R@1": 0.13771186440677965,
          "R@5": 0.3940677966101695,
          "R@10": 0.4894067796610169,
          "MRR": 0.24695571025020163,
          "nDCG@10": 0.6576299281513511,
          "tIoU@1": 0.1990692662988326,
          "n": 472
        },
        "TP": {
          "R@1": 0.019230769230769232,
          "R@5": 0.28846153846153844,
          "R@10": 0.4230769230769231,
          "MRR": 0.12956349206349208,
          "nDCG@10": 0.5850804847454089,
          "tIoU@1": 0.1275451501764808,
          "n": 52
        }
      }
    }
  }
}