{
  "split": "val",
  "scope": "corpus",
  "tau": 0.5,
  "alpha": 0.7,
  "n_evaluated": 3358,
  "n_skipped_not_indexed": 0,
  "n_indexed_videos": 567,
  "ks": [
    1,
    5,
    10
  ],
  "results": {
    "fused": {
      "overall": {
        "R@1": 0.01816557474687314,
        "R@5": 0.0684931506849315,
        "R@10": 0.10184633710541989,
        "MRR": 0.03959556425309849,
        "nDCG@10": 0.10410928888161967,
        "tIoU@1": 0.027321807699803507
      },
      "by_type": {
        "CW": {
          "R@1": 0.017639077340569877,
          "R@5": 0.060379918588873815,
          "R@10": 0.09158751696065129,
          "MRR": 0.03644520901983592,
          "nDCG@10": 0.09322475636122168,
          "tIoU@1": 0.025337426226292332,
          "n": 1474
        },
        "CH": {
          "R@1": 0.02702702702702703,
          "R@5": 0.09563409563409564,
          "R@10": 0.1392931392931393,
          "MRR": 0.057341682341682326,
          "nDCG@10": 0.15060491199407394,
          "tIoU@1": 0.03858399529990825,
          "n": 481
        },
        "TN": {
          "R@1": 0.015927189988623434,
          "R@5": 0.06598407281001138,
          "R@10": 0.09670079635949944,
          "MRR": 0.03511837044260252,
          "nDCG@10": 0.09551063343061522,
          "tIoU@1": 0.023479357550917027,
          "n": 879
        },
        "TC": {
          "R@1": 0.01694915254237288,
          "R@5": 0.07415254237288135,
          "R@10": 0.10805084745762712,
          "MRR": 0.042672181867097106,
          "nDCG@10": 0.11000618725443606,
          "tIoU@1": 0.029973800920719513,
          "n": 472
        },
        "TP": {
          "R@1": 0.0,
          "R@5": 0.038461538461538464,
          "R@10": 0.07692307692307693,
          "MRR": 0.0125,
          "nDCG@10": 0.07438406440930366,
          "tIoU@1": 0.020276402640264028,
          "n": 52
        }
      }
    }
  }
}