{
  "split": "val",
  "scope": "corpus",
  "tau": 0.5,
  "alpha": 0.5,
  "decompose": false,
  "rerank": false,
  "n_evaluated": 3358,
  "n_skipped_not_indexed": 0,
  "n_indexed_videos": 567,
  "ks": [
    1,
    5,
    10
  ],
  "results": {
    "visual": {
      "overall": {
        "R@1": 0.028886241810601548,
        "R@5": 0.09023228111971411,
        "R@10": 0.12150089338892198,
        "MRR": 0.054011623509836716,
        "nDCG@10": 0.1318679573035867,
        "tIoU@1": 0.04015169675893457
      },
      "by_type": {
        "CW": {
          "R@1": 0.029172320217096336,
          "R@5": 0.0773405698778833,
          "R@10": 0.10854816824966079,
          "MRR": 0.05100444745967138,
          "nDCG@10": 0.12295822775142538,
          "tIoU@1": 0.03976143238160086,
          "n": 1474
        },
        "CH": {
          "R@1": 0.037422037422037424,
          "R@5": 0.1101871101871102,
          "R@10": 0.15384615384615385,
          "MRR": 0.0667136917136917,
          "nDCG@10": 0.1736957766604822,
          "tIoU@1": 0.05649863173404822,
          "n": 481
        },
        "TN": {
          "R@1": 0.02161547212741752,
          "R@5": 0.09328782707622298,
          "R@10": 0.11831626848691695,
          "MRR": 0.049896166278418856,
          "nDCG@10": 0.12076209465671944,
          "tIoU@1": 0.029151439604617354,
          "n": 879
        },
        "TC": {
          "R@1": 0.03389830508474576,
          "R@5": 0.1059322033898305,
          "R@10": 0.13559322033898305,
          "MRR": 0.05982395076674737,
          "nDCG@10": 0.14001101985101713,
          "tIoU@1": 0.04615743466293154,
          "n": 472
        },
        "TP": {
          "R@1": 0.019230769230769232,
          "R@5": 0.07692307692307693,
          "R@10": 0.11538461538461539,
          "MRR": 0.03856837606837607,
          "nDCG@10": 0.11133503410029738,
          "tIoU@1": 0.03143807593429026,
          "n": 52
        }
      }
    }
  }
}